id,public_categ_ids,is_published,is_favorite,name,list_price,website_sequence
__export__.product_template_ecc09350,AMERICANOS,True,,FRIGORÍFICO PUERTA FRANCESA BOLERO COOLMARKET FD 436 INOX E,869.0,10000
__export__.product_template_ede97852,AMERICANOS,True,,AMERICANO BOLERO COOL MARKET SBS 430 BLANCO,589.0,10010
__export__.product_template_092d91b1,ASPIRADOR,True,,ASPIRADOR CONGA ROCKSTAR MICRO ESSENTIAL,55.0,10020
__export__.product_template_3730acac,ASPIRADOR,True,,ASPIRADOR LIMPIACRISTALES,35.0,10030
__export__.product_template_cc867427,BASCULA,True,,BASCULA DE COCINA DIGITAL COOK CONTROL,19.0,10040
__export__.product_template_9f495674,BASCULA,True,,SURFACE PRECISION 10600 SMART HEALTHY PRO DARK GREY,40.0,10050
__export__.product_template_f6f6c0b0,BATIDORAS MANO,True,,BATIDORA MANO POWER retro azul 1200w,30.0,10060
__export__.product_template_868f3b8c,BATIDORAS MANO,True,,BATIDORA MANO POWER retro rojo 1200w,30.0,10070
__export__.product_template_225744ee,BATIDORAS MANO,True,,BATIDORA MANO POWER retro verde 1200w,30.0,10080
__export__.product_template_d768f770,BATIDORAS MANO,True,,BATIDORA MANO POWER PULSAR 2300W,39.0,10090
__export__.product_template_87fb4942,BATIDORAS MANO,True,,BATIDORA MANO KATANA 12 JAR G,45.0,10100
__export__.product_template_41468b60,BATIDORAS MANO,True,,BATIDORA MANO KATANA 1500W CHOP,55.0,10110
__export__.product_template_5462be85,BATIDORAS VASO,True,,BATIDORA VASO POWER BLACK TITANIUM - RETRO AZUL,45.0,10120
__export__.product_template_4f049476,BATIDORAS VASO,True,,BATIDORA VASO RETRO ROJO,35.0,10130
__export__.product_template_7377dd8a,BATIDORAS VASO,True,,BATIDORA VASO POWER TITANIUM 500 EASYGO,30.0,10140
__export__.product_template_39dcdc3a,BATIDORAS VASO,True,,BATIDORA VASO 2500W - BOTELLA REGALO,79.0,10150
__export__.product_template_669c5f6f,CAFETERAS,True,,CAFETERA ITALIANA INDUCCION 4T,35.0,10160
__export__.product_template_ec7ee6cd,CAFETERAS,True,,CAFETERA ITALIANA ALUMINIO 12TAZAS -,18.0,10170
__export__.product_template_ff2092d9,CAFETERAS,True,,CAFETERA 66 DROP&THERMO TIME,40.0,10180
__export__.product_template_2138843c,CAFETERAS,True,,CAFETERA EXPRESSO CUMBIA CAPRICCIOSA BLANCA,69.0,10190
__export__.product_template_458e6c85,CAFETERAS,True,,CAFETERA POWER EXPRESSO 20 RETRO VERDE,89.0,10200
__export__.product_template_a8951abb,CAFETERAS,True,,CAFETERA EXPRESSO VINTAGE BEIGE,99.0,10210
__export__.product_template_94236b31,CAFETERAS,True,,CAFETERA EXPRESSO CAFELIZZIA 790 NEGRO,89.0,10220
__export__.product_template_a8d31da9,CAFETERAS,True,,CAFETERA VINTAGE ROJO,90.0,10230
__export__.product_template_e0bd1ad4,CAFETERAS,True,,CAFETERA VINTAGE AMARILLA,99.0,10240
__export__.product_template_6005fd12,CAFETERAS,True,,CAFETERA SEMIAUTOMATICA POWER-INSTANT SERIE BIANCA,129.0,10250
__export__.product_template_c5bfda34,CALEFACCIÓN,True,,CHIMENEA ELÉCTRICA READYWARM 2000 FLAMES,55.0,10260
__export__.product_template_4ae16aea,DEPILADORAS/CORTAPELOS,True,,DEPILADORA BAMBA SKINCARE DEPIL-ACTION,25.0,10270
__export__.product_template_ae8dc716,DEPILADORAS/CORTAPELOS,True,,AFEITADORA DE CABEZA,29.0,10280
__export__.product_template_0f969ded,DEPILADORAS/CORTAPELOS,True,,MULTIGROMING 10EN1 - TWISTGROOM CORTAPELOS,45.0,10290
__export__.product_template_c78ca7a3,EXPRIMIDOR,True,,EXPRIMIDOR ZITRA STEEL,19.0,10300
__export__.product_template_83ff68e7,EXPRIMIDOR,True,,EXPRIMIDOR BRAZO ROJO XQUEEZE RETROJUICE 600,35.0,10310
__export__.product_template_1b0d1141,EXPRIMIDOR,True,,EXPRIMIDOR ESSENTIAL HYDEN 120,30.0,10320
__export__.product_template_d363822f,EXPRIMIDOR,True,,EXPRIMIDOR TOWERADJUST EASY STEEL,35.0,10330
__export__.product_template_7d8b71e1,FREIDORAS,True,,"150 PIEZAS DE PAPEL FREIDORA AIRE DE 5 A 6,5L",8.0,10340
__export__.product_template_1570e60a,FREIDORAS,True,,ACCESORIOS FREIDORA AIRE,8.0,10350
__export__.product_template_96770501,FREIDORAS,True,,"FREIDORA AIRE - CECOFRY FANTASTIK VENTANA - 5,5L",85.0,10360
__export__.product_template_9dd52822,FREIDORAS,True,,FREIDORA AIRE - CECOFRY DUOHEAT 6L,99.0,10370
__export__.product_template_0f4bbd02,FRÍGORIFICOS,True,,FRIGORÍFICO BOLERO 1 PUERTA 85CM NEGRO (114L),189.0,10380
__export__.product_template_08db8d01,FRÍGORIFICOS,True,,FRIGORÍFICO BOLERO 1 PUERTA 85CM INOX,219.0,10390
__export__.product_template_3848bfd9,FRÍGORIFICOS,True,,FRIGORÍFICO BOLERO 2P. ORIGEN 86 - GREEN E,229.0,10400
__export__.product_template_c70e9693,FUN COOKING,True,,CREPERA FUN CREPELICIOUS,29.0,10410
__export__.product_template_b66209c6,FUN COOKING,True,,FONDUE ELECTRICA CHOCOLATE,40.0,10420
__export__.product_template_9a617757,FUN COOKING,True,,GOFRERA - SANDWICHERA ROCK TOAST FAMILY,35.0,10430
__export__.product_template_b1f59a07,FUN COOKING,True,,PALOMITERO FUN&TASTEP´CORN,25.0,10440
__export__.product_template_aaf38144,FUN COOKING,True,,PALOMITERO FUN&TASTEP´CORN lotus,35.0,10450
__export__.product_template_a3c287d2,HERRAMIENTAS,True,,PISTOLA SILICONA,25.0,10460
__export__.product_template_fc777eb3,NEVERAS,True,,FRIGORÍFICO BOLERO HABANA NEGRO 4L,45.0,10470
__export__.product_template_d9e7a485,NEVERAS,True,,FRIGORÍFICO BOLERO HABANA NEGRO 4L,45.0,10480
__export__.product_template_87eb35be,NEVERAS,True,,FRIGORÍFICO BAMBA BLANCO 6L,55.0,10490
__export__.product_template_0f13e423,NEVERAS,True,,FRIGORÍFICO BAMBA ESPEJO 6L,55.0,10500
__export__.product_template_4dee2558,LAVAVAJILLAS,True,,"LAVAVAJILLAS BOLERO AGUAZERO 6200 NEGRO ""D""",339.0,10510
__export__.product_template_4030d532,MICROONDAS,True,,"MICROONDAS 20L 3010 PROCLEAN, RETRO CREMA",65.0,10520
__export__.product_template_3e023925,MICROONDAS,True,,"MICROONDAS 20L GRILL, 3110, RETRO AZUL",65.0,10530
__export__.product_template_654c9f85,MICROONDAS,True,,"MICROONDAS 20L GRILL, 5110, digital RETRO AZUL",75.0,10540
__export__.product_template_c711a3b8,MICROONDAS,True,,"MICROONDAS 20L GRILL, PROCLEAN, RETRO AMARILLO",75.0,10550
__export__.product_template_e65b5cc4,MICROONDAS,True,,"MICROONDAS 20L GRILL, PROCLEAN, RETRO AMARILLO",75.0,10560
__export__.product_template_a5f2c39a,MICROONDAS,True,,MICROONDAS 20L PROCLEAN 3120 - INOX ESPEJO SIN PLATO,85.0,10570
__export__.product_template_e6c71c5f,MICROONDAS,True,,MICROONDAS SIN PLATO GRANDHEAT 2010 FLATBED STEEL,89.0,10580
__export__.product_template_57bf2d5d,MICROONDAS,True,,MICROONDAS 25L SIN PLATO GRANDHEAT 2500-NEGRO,119.0,10590
__export__.product_template_112203ef,MICROONDAS,True,,MICROONDAS 23L SIN PLATO GRANDHEAT 2300 - BLANCO,109.0,10600
__export__.product_template_f2f3604e,MICROONDAS,True,,Microondas digital de 23 litros - PROCLEAN 6110,109.0,10610
__export__.product_template_ddaed6de,MICROONDAS,True,,MICROONDAS 20L PROCLEAN 3030 - NEGRO SIN PLATO,79.0,10620
__export__.product_template_55f85eeb,MICROONDAS,True,,MICROONDAS 20L PROCLEAN 3120 - BLANCO SIN PLATO,79.0,10630
__export__.product_template_739582da,MICROONDAS,True,,MICROONDAS 20L CON GRILL - 700W - AZUL,110.0,10640
__export__.product_template_85850c44,MICROONDAS,True,,MICROONDAS 20L CON GRILL - 700W - VERDE,110.0,10650
__export__.product_template_6551e83a,MINIHORNO,True,,HORNO SOBREMESA 10L BLANCO,39.0,10660
__export__.product_template_71c9c7e4,MINIHORNO,True,,HORNO SOBREMESA 23L BLANCO BAKE&TOAST,65.0,10670
__export__.product_template_2cb67d46,MINIHORNO,True,,HORNO SOBREMESA 26L BLANCO (4PIZZA),79.0,10680
__export__.product_template_a5a75e4c,MINIHORNO,True,,HORNO SOBREMESA 30L BLANCO,89.0,10690
__export__.product_template_96cf8239,PLANCHAS-COCINA,True,,PLACA DE INDUCCIÓN PORTATIL FULL RYSTAL ONYX,49.0,10700
__export__.product_template_7219c230,PLANCHAS-COCINA,True,,PLANCHA DE ASAR TASTY&GRILL 3000,45.0,10710
__export__.product_template_a8056cee,PLANCHAS-ROPA,True,,PLANCHA VERTICAL (FAST&FURIOUS) 4010 VITAL,29.0,10720
__export__.product_template_1712d96c,PLANCHAS-ROPA,True,,CENTRO PLANCHADO VERTICAL,65.0,10730
__export__.product_template_bd36e253,PLANCHAS-ROPA,True,,PLANCHA ROPA IRONHERO3200 FORCE,35.0,10740
__export__.product_template_72ad91f6,PLANCHAS-ROPA,True,,CENTRO PLANCHADO-Fast&Furious 8040 Absolute,99.0,10750
__export__.product_template_08a64549,SARTENES/OLLAS,True,,SET SARTENES POLKA 18-22-26 (ROSA),39.0,10760
__export__.product_template_5fbc5ee1,SARTENES/OLLAS,True,,SET SARTENES POLKA 18-22-26 (AMARILLO),39.0,10770
__export__.product_template_2ba1f7eb,SARTENES/OLLAS,True,,1 SARTEN POLKA 18 (NEGRO MANGO TURQUESA),15.0,10780
__export__.product_template_6cf15f82,SECADORES/PELO,True,,PLANCHA PELO RITUAL CARE TWERK,45.0,10790
__export__.product_template_8d0a6acc,TERMOS,True,,HERVIDOR DE AGUA ELECTRICO WOODY 200 RETRO NEGRO,45.0,10800
__export__.product_template_a30d87a3,TERMOS,True,,HERVIDOR THERMOSENSE VINTAGE - BEIGE,45.0,10810
__export__.product_template_8386a582,TERMOS,True,,HERVIDOR THERMOSENSE VINTAGE - VERDE,45.0,10820
__export__.product_template_e5a29e4d,TOSTADOR,True,,TOSTADOR 9000 DOBLE NEGRO,29.0,10830
__export__.product_template_d0ea5ba7,TOSTADOR,True,,TOSTADOR 8000 DOBLE RETRO BLUE,40.0,10840
__export__.product_template_f6f78faa,VENTILADORES,True,,VENTILADOR ROSA RETRO DESK 400,30.0,10850
__export__.product_template_ec53ec87,VENTILADORES,True,,VENTILADOR BEIGE RETRO - 800,39.0,10860
__export__.product_template_3e03eda8,PLACAS/VITRO,True,,PLACA INDUCCIÓN BOLERO SQUAD - 2 FUEGOS,119.0,10870
__export__.product_template_cefd0669,PLACAS/VITRO,True,,PLACA GAS 43 FUEGOS INOX - 60CM,139.0,10880
__export__.product_template_ac731564,OTROS,True,,JARRA PURIFICADORA AGUA H2ONATURE 2400,25.0,10890
__export__.product_template_cf7380ae,OTROS,True,,SACACORCHOS ELÉCTRICO INSTANTCORK 1000,29.0,10900
__export__.product_template_ef4c5dfa,OTROS,True,,HERVIDOR VAPOVITA 3000 INOX - VAPORERA,35.0,10910
__export__.product_template_fe087ccc,OTROS,True,,CORTAFIAMBRES ROCK´CUT TWIN,85.0,10920
__export__.product_template_74bcf1fa,OTROS,True,,ACEITERA SPRAY POLKA,8.0,10930
__export__.product_template_1fc5390a,OTROS,True,,PANIFICADORA,89.0,10940
__export__.product_template_a8b34bd3,OTROS,True,,UTENSILIOS COCINA AMARILLO,25.0,10950
__export__.product_template_d0201866,OTROS,True,,UTENSILIOS COCINA ROSA,25.0,10960
__export__.product_template_6661da5d,OTROS,True,,SET CUCHILLOS 6 SWISS NEGRO,20.0,10970
__export__.product_template_b7a21383,OTROS,True,,SET CUCHILLOS 7 TITANIUM,15.0,10980
__export__.product_template_f09bd8f9,OTROS,True,,VAPORETA MANUAL VENTANAS,55.0,10990
