Name,Internal Reference,Sales Price,Cost,Product Category,Vendor,Description,Barcode,Product Type,External ID
A/A PORTATIL + CALEFACCION,ADR128,330.0,265.8,Aire Acondicionado,ORBEGOZO,,,Storable Product,ORBEGOZO_ADR128
A/A PORTATIL  + CALEFACCION,ADR97,230.0,177.6,Aire Acondicionado,ORBEGOZO,,,Storable Product,ORBEGOZO_ADR97
ASPIRADOR VERTICAL ,AP4600,139.0,139.0,Aspiradoras,ORBEGOZO,,,Storable Product,ORBEGOZO_AP4600
BATIDORA PORTATIL USB,BV2500,24.0,24.3,Batidoras,ORBEGOZO,,,Storable Product,ORBEGOZO_BV2500
AMASADORA DE MANO ORBEGOZO,BA3600,29.0,29.7,,ORBEGOZO,,,Storable Product,ORBEGOZO_BA3600
BATIDORA MANO - 1000W,BT2680,35.0,19.8,Batidoras,ORBEGOZO,,,Storable Product,ORBEGOZO_BT2680
MOLINILLO CAFÉ - 150W,MO 3250,20.0,12.52,,ORBEGOZO,,,Storable Product,ORBEGOZO_MO 3250
CAFETERA ITALIANA ROJA - 3TAZAS,KFR340,8.0,7.2,Cafeteras,ORBEGOZO,,,Storable Product,ORBEGOZO_KFR340
CAFETERA ALUMINIO INOX - 9 TAZAS,KF 900,15.0,14.1,Cafeteras,ORBEGOZO,,,Storable Product,ORBEGOZO_KF 900
CAFETERA ITALIANA ROJA - 6TAZAS,KFR640,10.0,8.96,Cafeteras,ORBEGOZO,,,Storable Product,ORBEGOZO_KFR640
CAFETERA ITALIANA ROJA - 9 TAZAS,KFR940,15.0,12.0,Cafeteras,ORBEGOZO,,,Storable Product,ORBEGOZO_KFR940
CAFETERA ITALIANA 6T INDUCCION,KFI660 A,15.0,12.44,Cafeteras,ORBEGOZO,,,Storable Product,ORBEGOZO_KFI660 A
CAFETERA ITALIANA 12T NEGRO,KFN1210,15.0,16.5,Cafeteras,ORBEGOZO,,,Storable Product,ORBEGOZO_KFN1210
CAFETERA ITALIANA 9T INDUCCION,KFI960,20.0,19.35,Cafeteras,ORBEGOZO,,,Storable Product,ORBEGOZO_KFI960
CAFETERA ESPRESSO 20 BAR - NEGRO - INOX,EX5300,95.0,98.5,Cafeteras,ORBEGOZO,,,Storable Product,ORBEGOZO_EX5300
CALEFACTOR COMPACTO BLANCO - 2000W,FH5115,12.0,17.77,,ORBEGOZO,,,Storable Product,ORBEGOZO_FH5115
CALEFACTOR COMPACTO BLANCO - 2000W,FH5040 A,20.0,20.44,,ORBEGOZO,,,Storable Product,ORBEGOZO_FH5040 A
CALEFACTOR COMPACTO NEGRO - 2000W,FH5140,20.0,20.44,,ORBEGOZO,,,Storable Product,ORBEGOZO_FH5140
CALEFACTOR HORIZONTAL BLANCO - 2000W,FH5034,20.0,25.7,,ORBEGOZO,,,Storable Product,ORBEGOZO_FH5034
ESTUFA BAÑO PARED INOX - 1200W,BB5000,25.0,24.23,,ORBEGOZO,,,Storable Product,ORBEGOZO_BB5000
ESTUFA BAÑO PARED BLANCA - 1200W,BB5002,25.0,24.24,,ORBEGOZO,,,Storable Product,ORBEGOZO_BB5002
CALEFACTOR VERTICAL NEGRO - 2000W,FH5237,25.0,29.75,,ORBEGOZO,,,Storable Product,ORBEGOZO_FH5237
CALEFACTOR CERÁMICO - 1500W,CR5016,25.0,30.67,,ORBEGOZO,,,Storable Product,ORBEGOZO_CR5016
CALENTADOR HALOGENO - 1200W,BP5008,30.0,36.7,,ORBEGOZO,,,Storable Product,ORBEGOZO_BP5008
CALEFACTOR DE PARED (BAÑO) - 2000W,SP6000,60.0,63.18,,ORBEGOZO,,,Storable Product,ORBEGOZO_SP6000
RADIADOR DE ACEITE (18033),RU2000,60.0,70.54,,ORBEGOZO,,,Storable Product,ORBEGOZO_RU2000
BRASERO ROJO ELECTRICO (18186,BR90,29.0,28.0,,ORBEGOZO,,,Storable Product,ORBEGOZO_BR90
EXPRIMIDOR OBEGOZO,EP4200,49.0,49.9,,ORBEGOZO,,,Storable Product,ORBEGOZO_EP4200
EXPRIMIDOR OBEGOZO 1100W INOX BRAZO,EP4300,40.0,41.86,,ORBEGOZO,,,Storable Product,ORBEGOZO_EP4300
FREIDORA SIN ACEITE NEGRA (8L),FDR8010,90.0,90.0,,ORBEGOZO,,,Storable Product,ORBEGOZO_FDR8010
GOFRERA BLANCA REDONDA 1000W,WL1500,25.0,24.6,,ORBEGOZO,,,Storable Product,ORBEGOZO_WL1500
SANDWICHERA,SW5000,30.0,16.3,,ORBEGOZO,,,Storable Product,ORBEGOZO_SW5000
MICROONDAS BLANCO 20L - 700W,MI2115,69.0,69.89,Microondas,ORBEGOZO,,,Storable Product,ORBEGOZO_MI2115
MICROONDAS NEGRO 20L,MI2117,75.0,77.09,Microondas,ORBEGOZO,,,Storable Product,ORBEGOZO_MI2117
MICROONDAS ORBEGOZO VINTAGE BLANCO/MADERA 20L,MI2122,75.0,66.5,Microondas,ORBEGOZO,,,Storable Product,ORBEGOZO_MI2122
MICROONDAS 20L - SIN PLATO - 700W - 1150W - ,MI2030CE,89.0,91.2,Microondas,ORBEGOZO,,,Storable Product,ORBEGOZO_MI2030CE
"MICROONDAS 25L, BLANCO, 900W+GRILL",MI2531,125.0,127.3,Microondas,ORBEGOZO,,,Storable Product,ORBEGOZO_MI2531
MICROONDAS 20L INOX - ORBEGOZO CON GRILL SIN PLATO,MIG2047,110.0,112.1,Microondas,ORBEGOZO,,,Storable Product,ORBEGOZO_MIG2047
MINI HORNO 15 LITROS NEGRO,HCC5015,65.0,42.9,Hornos,ORBEGOZO,,,Storable Product,ORBEGOZO_HCC5015
MINI HORNO 10 LITROS ESPEJO/BLANCO,HO990,45.0,44.0,Hornos,ORBEGOZO,,,Storable Product,ORBEGOZO_HO990
MINI HORNO 10 LITROS ESPEJO/NEGRO,HO995,45.0,44.0,Hornos,ORBEGOZO,,,Storable Product,ORBEGOZO_HO995
MINI HORNO 10 LITROS - blanco,HO975,40.0,41.0,Hornos,ORBEGOZO,,,Storable Product,ORBEGOZO_HO975
MINI HORNO 10 LITROS - NEGRO,HO985,40.0,41.0,Hornos,ORBEGOZO,,,Storable Product,ORBEGOZO_HO985
PLANCHA GRILL FUNDIDO PEQUEÑA,GDB3600,25.0,26.35,,ORBEGOZO,,,Storable Product,ORBEGOZO_GDB3600
GRILL INOX 900W - PARRILLA,GR3250,30.0,21.0,,ORBEGOZO,,,Storable Product,ORBEGOZO_GR3250
TABLA ASADO 2000W,TB2203,35.0,37.8,,ORBEGOZO,,,Storable Product,ORBEGOZO_TB2203
GRILL 2200W,GR4570,55.0,56.0,,ORBEGOZO,,,Storable Product,ORBEGOZO_GR4570
PLACA VITROCERÁMICA PORTATIL 2F,PCE6000,99.0,104.1,Placas,ORBEGOZO,,,Storable Product,ORBEGOZO_PCE6000
PLACA GAS - CRISTAL NEGRO - 2 FUEGOS,FO 2720,100.0,100.55,Placas,ORBEGOZO,,,Storable Product,ORBEGOZO_FO 2720
PLANCHA SIN VAPOR - 1200W,SV1270,12.0,13.15,,ORBEGOZO,,,Storable Product,ORBEGOZO_SV1270
PLANCHA A VAPOR - 2600W,SV2670,29.0,16.72,,ORBEGOZO,,,Storable Product,ORBEGOZO_SV2670
PLANCHA A VAPOR - 3000W,SV3000A,39.0,21.81,,ORBEGOZO,,,Storable Product,ORBEGOZO_SV3000A
OLLA A PRESION ELECTRICA 6L,HPE6075,79.0,78.5,,ORBEGOZO,,,Storable Product,ORBEGOZO_HPE6075
PIZZAPAN,PZ8100,45.0,26.65,,ORBEGOZO,,,Storable Product,ORBEGOZO_PZ8100
SECADOR 2400W,SE2400,30.0,32.0,,ORBEGOZO,,,Storable Product,ORBEGOZO_SE2400
BOTELLA TERMO - AZUL MARINO - 350ML,TRL354,6.0,6.16,,ORBEGOZO,,,Storable Product,ORBEGOZO_TRL354
BOTELLA TERMO - AZUL MARINO - 350ML,TRL754,10.0,9.37,,ORBEGOZO,,,Storable Product,ORBEGOZO_TRL754
EXPOSITOR 6 TERMOS BOTELLA/VASO TAPON,SET TRL 5000,9.0,7.086,,ORBEGOZO,,,Storable Product,ORBEGOZO_SET TRL 5000
TOSTADOR RANURA LARGA,TO4012,29.0,0.0,,ORBEGOZO,,,Storable Product,ORBEGOZO_TO4012
TOSTADOR RANURA LARGA,TO4014,25.0,13.0,,ORBEGOZO,,,Storable Product,ORBEGOZO_TO4014
TOSTADOR INOX,TO5030,33.0,33.0,,ORBEGOZO,,,Storable Product,ORBEGOZO_TO5030
TOSTADOR PLANO 800W,TO2020,35.0,21.6,,ORBEGOZO,,,Storable Product,ORBEGOZO_TO2020
VENTILADOR DE MANO,HF2100,12.0,11.9,,ORBEGOZO,,,Storable Product,ORBEGOZO_HF2100
VENTILADOR DE PIE,SF1040,30.0,29.8,,ORBEGOZO,,,Storable Product,ORBEGOZO_SF1040
VENTILADOR DE PIE,SF1140,29.0,29.8,,ORBEGOZO,,,Storable Product,ORBEGOZO_SF1140
VENTILADOR DE SOBREMESA,TF0139,35.0,36.0,,ORBEGOZO,,,Storable Product,ORBEGOZO_TF0139
VENTILADOR DE SOBREMESA 40,TF0143,35.0,36.05,,ORBEGOZO,,,Storable Product,ORBEGOZO_TF0143
VENTILADOR DE TECHO,CP12205,155.0,153.0,,ORBEGOZO,,,Storable Product,ORBEGOZO_CP12205
VENTILADOR DE TECHO,CP12105,159.0,160.55,,ORBEGOZO,,,Storable Product,ORBEGOZO_CP12105
ESPEJO PARED VENTOSAS ZOOM/LUZ,ESP 1010,10.0,10.45,,ORBEGOZO,,,Storable Product,ORBEGOZO_ESP 1010
ENCHUFE PROGRAMADOR MANUAL,PG02,5.0,5.3,,ORBEGOZO,,,Storable Product,ORBEGOZO_PG02
SET TERMOS 6 BOTELLAS,SETTRL 5500,8.0,47.25,,ORBEGOZO,,,Storable Product,ORBEGOZO_SETTRL 5500
BOTELLA TERMO ,TRL753,12.0,9.37,,ORBEGOZO,,,Storable Product,ORBEGOZO_TRL753
CORTAPELOS NARIZ,NO3500,8.0,8.45,,ORBEGOZO,,,Storable Product,ORBEGOZO_NO3500
PESO COCINA,PC1009,15.0,9.75,,ORBEGOZO,,,Storable Product,ORBEGOZO_PC1009
ALMOHADILLA ELECTRICA,AH3545,20.0,22.4,,ORBEGOZO,,,Storable Product,ORBEGOZO_AH3545
MATA INSECTOS,MQ3006,15.0,16.0,,ORBEGOZO,,,Storable Product,ORBEGOZO_MQ3006
FUENTE DE CHOCOLATE 32W,FCH4000,29.0,27.0,,ORBEGOZO,,,Storable Product,ORBEGOZO_FCH4000
LICUADORA OBERGOZO,LI6000,86.0,86.0,,ORBEGOZO,,,Storable Product,ORBEGOZO_LI6000
LAMPARA DE SOBREMESA,LP2500,18.0,17.95,,ORBEGOZO,,,Storable Product,ORBEGOZO_LP2500
LUZ ENCHUFE CON SENSOR,LP1000,8.0,8.1,,ORBEGOZO,,,Storable Product,ORBEGOZO_LP1000
MAQUINA DE HACER HIELO ,MHH1200,110.0,110.8,,ORBEGOZO,,,Storable Product,ORBEGOZO_MHH1200
DISPENSADOR AGUA ,DA2000,10.0,7.9,,ORBEGOZO,,,Storable Product,ORBEGOZO_DA2000
AFILADOR CUCHILLOS,CU7000,25.0,25.3,,ORBEGOZO,,,Storable Product,ORBEGOZO_CU7000
SALPIMENTERO (MOLINILLO PIMIENTO Y SAL) ,PM3550,12.0,12.2,,ORBEGOZO,,,Storable Product,ORBEGOZO_PM3550
REGLETA ENCHUFES X3 + USB,EN3100,15.0,15.0,,ORBEGOZO,,,Storable Product,ORBEGOZO_EN3100
"LAVADORA CORBERÓ 7KG ""A""",CLT704VIN,339.0,198.92,Lavadoras,ALMCE,,,Storable Product,ALMCE_CLT704VIN
"LAVADORA CORBERÓ 9KG ""A""",CLT904VIN,369.0,220.43,Lavadoras,ALMCE,,,Storable Product,ALMCE_CLT904VIN
"LAVADORA CORBERÓ 10KG ""A""",CLT1004VIN,399.0,251.61,Lavadoras,ALMCE,,,Storable Product,ALMCE_CLT1004VIN
LAVASECADORA CANDY 9KG LAV + 6KG SEC,CSOW4965T,489.0,282.08,Secadoras,ALMCE,,,Storable Product,ALMCE_CSOW4965T
"LAVADORA CORBERÓ CARGA SUP 6,5KG",ECLACSM6520,360.0,336.2,Lavadoras,ALMCE,,,Storable Product,ALMCE_ECLACSM6520
LAVAVAJILLAS BENAVENT INOX 45CM,LVBV4501X,299.0,181.72,,ALMCE,,,Storable Product,ALMCE_LVBV4501X
LAVAVAJILLAS BENAVENT BLANCO 45CM,LVBV4501W,289.0,170.97,,ALMCE,,,Storable Product,ALMCE_LVBV4501W
LAVAV. CORBERÓ BLANCO 45CM 10CU,CLVV4522W,325.0,202.58,,ALMCE,,,Storable Product,ALMCE_CLVV4522W
LAVAV. CORBERÓ BLANCO 45CM 10CU,CLVM4524W,325.0,196.77,,ALMCE,,,Storable Product,ALMCE_CLVM4524W
LAVAV. CORBERÓ INOX 45CM ,ECLVM456419X,335.0,210.19,,ALMCE,,,Storable Product,ALMCE_ECLVM456419X
LAVAVAJILLAS CORBERÓ INOX 45CM,CLVM4524X,349.0,222.35,,ALMCE,,,Storable Product,ALMCE_CLVM4524X
LAVAVAJILLAS BENAVENT 60CM INOX,LVBV60DX,329.0,203.23,,ALMCE,,,Storable Product,ALMCE_LVBV60DX
LAVAVAJILLAS CORBERÓ BLANCO,CLVM6021W,359.0,223.66,,ALMCE,,,Storable Product,ALMCE_CLVM6021W
LAVAVAJILLAS CORBERO 60CM INOX,CLVM6024X,379.0,217.2,,ALMCE,,,Storable Product,ALMCE_CLVM6024X
LAVAVAJILLAS CORERO 60CM BLANCO,CLVM6024W,0.0,203.23,,ALMCE,,,Storable Product,ALMCE_CLVM6024W
LAVAVAJILLAS CORBERO 60CM BLANCO,CLVM7723W,379.0,224.73,,ALMCE,,,Storable Product,ALMCE_CLVM7723W
LAVAVAJILLAS CORBERO 60CM INOX,CLVM7723X,389.0,235.48,,ALMCE,,,Storable Product,ALMCE_CLVM7723X
MINIBAR NEGRO CORBERÓ,ECFMMB42BL,149.0,93.55,,ALMCE,,,Storable Product,ALMCE_ECFMMB42BL
FRIGO. 1P 85CM BLANCO CANDY,CCTOS544W,235.0,147.15,Frigoríficos,ALMCE,,,Storable Product,ALMCE_CCTOS544W
FRIG 1P BENAVENT,F1PBHW143,269.0,166.77,,ALMCE,,,Storable Product,ALMCE_F1PBHW143
"FRIG. 1 PUERTA CORBERÓ 1,43CM",CCLH14322W,279.0,186.02,,ALMCE,,,Storable Product,ALMCE_CCLH14322W
FRIG 2P. CORBERÓ RETRO ROJO ,ECF2PG148RR,389.0,279.57,,ALMCE,,,Storable Product,ALMCE_ECF2PG148RR
"FRIGO 2P. BENAVENT 1,60X55 - BLANCO",F2PBVEW160,290.0,170.97,Frigoríficos,ALMCE,,,Storable Product,ALMCE_F2PBVEW160
COMBI BENAVENT NO FROST 1.76X55-BLANCO,CBME176550NFEW,355.0,215.05,,ALMCE,,,Storable Product,ALMCE_CBME176550NFEW
COMBI BENAVENT 185X60 NF INOX,CBM185EX,389.0,256.1,,ALMCE,,,Storable Product,ALMCE_CBM185EX
COMBI CORBERO NF CRISTAL BLANCO,CCHGL185NFW,629.0,376.34,,ALMCE,,,Storable Product,ALMCE_CCHGL185NFW
COMBI CORBERÓ BLANCO 2M,CCH200322NFW,499.0,327.96,,ALMCE,,,Storable Product,ALMCE_CCH200322NFW
COMBI CANDY INOX 2M,CCE4T620EX,559.0,373.48,,ALMCE,,,Storable Product,ALMCE_CCE4T620EX
COMBI NF BALAY NEGRO CRISTAL,3KFE768BI,1099.0,767.42,,ALMCE,,,Storable Product,ALMCE_3KFE768BI
COMBI BENAVENT INOX,CBM200EX,469.0,279.57,,ALMCE,,,Storable Product,ALMCE_CBM200EX
COMBI BENAVENT BLACNO 2M,CBM200EW,479.0,268.82,,ALMCE,,,Storable Product,ALMCE_CBM200EW
AMERICANO CORBERÓ NF 442L INOX,CFSBSH730NFX,599.0,376.34,Frigoríficos,ALMCE,,,Storable Product,ALMCE_CFSBSH730NFX
AMERICANO ASPES NO FROST,AA18900FNF,589.0,445.89,Frigoríficos,ALMCE,,,Storable Product,ALMCE_AA18900FNF
COMBI CORBERÓ 320L CAJONES,ECFFDH339NFXINV,589.0,434.41,,ALMCE,,,Storable Product,ALMCE_ECFFDH339NFXINV
SECADORA CORBERO EVACUACION 7KG,CSVE710W,289.0,175.3,Secadoras,ALMCE,,,Storable Product,ALMCE_CSVE710W
SECADORA CANDY CONDENSACION  8KG,CSEC8LFS,345.0,213.57,Secadoras,ALMCE,,,Storable Product,ALMCE_CSEC8LFS
HORNO CANDY 70L,FIDCN100,209.0,131.86,Hornos,ALMCE,,,Storable Product,ALMCE_FIDCN100
HORNO CORBERÓ 65L CRISTAL NEGRO,CCHM703X,239.0,129.0,Hornos,ALMCE,,,Storable Product,ALMCE_CCHM703X
HORNO MF CORBERÓ 70L CRISTAL NEGRO,CCHMD803N,279.0,153.23,Hornos,ALMCE,,,Storable Product,ALMCE_CCHMD803N
HORNO MF CORBERÓ INOX MF,CCHMD807XG,295.0,158.06,Hornos,ALMCE,,,Storable Product,ALMCE_CCHMD807XG
CONJUNTO BEKO INOX HORNO+VITRO,BBSE12120X,375.0,256.7,Hornos,ALMCE,,,Storable Product,ALMCE_BBSE12120X
MINO HORNO ORBEGOZO 39L NEGRO,HO392,95.0,63.45,Hornos,ALMCE,,,Storable Product,ALMCE_HO392
COCINA+HORNO NEGRO GRANDE,GM15310DB,649.0,394.61,Hornos,ALMCE,,,Storable Product,ALMCE_GM15310DB
VITROCERAMICA BENAVENT 3FUEGOS,VBBR360,159.0,80.65,,ALMCE,,,Storable Product,ALMCE_VBBR360
INDUCCIÓN BENAVENT 3FUEGOS,IBB360,199.0,106.45,,ALMCE,,,Storable Product,ALMCE_IBB360
VITROCERAMICA 3FUEGOS,CH63CC4U2,169.0,101.14,,ALMCE,,,Storable Product,ALMCE_CH63CC4U2
VITRO CORBERO 2F,CCVG2902D,110.0,70.59,,ALMCE,,,Storable Product,ALMCE_CCVG2902D
PLACA GAS CORBERÓ CRISTAL BLANCO 3F,CPCGY2313W,149.0,91.4,Placas,ALMCE,,,Storable Product,ALMCE_CPCGY2313W
VITRO 3F CORBERO,CCVG8322,195.0,95.7,,ALMCE,,,Storable Product,ALMCE_CCVG8322
INDUCCION CORBERO 4 FUEGOS,CCIG9422,215.0,133.94,Placas,ALMCE,,,Storable Product,ALMCE_CCIG9422
INDUCCIÓN CORBERO 3 FUEGOS,CCVM300,249.0,109.59,,ALMCE,,,Storable Product,ALMCE_CCVM300
INDUCCION CORBERO 3 FUEGOS,CCIG9322,249.0,135.86,Placas,ALMCE,,,Storable Product,ALMCE_CCIG9322
INDUCCION CORBERO 3 FUEGOS,CCIM3374SL,259.0,162.06,Placas,ALMCE,,,Storable Product,ALMCE_CCIM3374SL
INDUCCION CORBERO 3 FUEGOS,CCIG3BL604,199.0,123.86,Placas,ALMCE,,,Storable Product,ALMCE_CCIG3BL604
VITRO ASPES 5700W,AV3600,160.0,100.0,,ALMCE,,,Storable Product,ALMCE_AV3600
VITROCERÁMICA 2FUEGOS 3000W,SV2300,99.0,63.53,,ALMCE,,,Storable Product,ALMCE_SV2300
"PLACA GAS HISENSE CRISTAL NEGRO, 3F",GG633B,160.0,96.59,Placas,ALMCE,,,Storable Product,ALMCE_GG633B
CONGELADOR VERT BENAVENT 84X48 3C,CVBH8448,189.0,95.79,,ALMCE,,,Storable Product,ALMCE_CVBH8448
CONGELADOR ARCÓN BENAVENT 299L,CHBME300DINV,329.0,203.23,,ALMCE,,,Storable Product,ALMCE_CHBME300DINV
CONGELADOR HORIZONTAL 198L,CCHH20023E,265.0,163.53,,ALMCE,,,Storable Product,ALMCE_CCHH20023E
CONG VERTICAL CORBERÓ 1.70M NO FROST,CCHV17023NFX,469.0,448.76,,ALMCE,,,Storable Product,ALMCE_CCHV17023NFX
VENTILADOR TECHO FM,VTCLASSIC105,60.0,42.49,,ALMCE,,,Storable Product,ALMCE_VTCLASSIC105
VENTILADOR SOBREMESA FM,SB140,40.0,26.69,,ALMCE,,,Storable Product,ALMCE_SB140
CALEFACTOR MURAL TOSGO,TOCAQH12F,15.0,10.52,,ALMCE,,,Storable Product,ALMCE_TOCAQH12F
MICROONDAS CORBERÓ 20L 700W,CMICM4020W,69.0,34.31,Microondas,ALMCE,,,Storable Product,ALMCE_CMICM4020W
MICROOONDAS CORBERÓ BLANCO ,CMICM5020GW,75.0,47.06,Microondas,ALMCE,,,Storable Product,ALMCE_CMICM5020GW
MICROONDAS CORBERÓ 20L 700W,CMICM6020GX,99.0,67.74,Microondas,ALMCE,,,Storable Product,ALMCE_CMICM6020GX
MICROONDAS CORBERÓ VINTAGE ,CMICG270WOODN,89.0,51.77,Microondas,ALMCE,,,Storable Product,ALMCE_CMICG270WOODN
MICROONDAS CANDY,CMXG20DS,110.0,72.57,Microondas,ALMCE,,,Storable Product,ALMCE_CMXG20DS
"TV LED TCL 55""",55P61B,399.0,248.91,Televisores,ALMCE,,,Storable Product,ALMCE_55P61B
CAFETERA MOULINEX,FG152832,35.0,22.18,Cafeteras,ALMCE,,,Storable Product,ALMCE_FG152832
CAFETERA COFFE 66 SMART,1555,40.0,28.88,Cafeteras,ALMCE,,,Storable Product,ALMCE_1555
CAFETERA CECOTEC POWER EXPRES 20,1503,69.0,45.64,Cafeteras,ALMCE,,,Storable Product,ALMCE_1503
CAFETERA INOX ORBEGOZO INDUC 12T,KFI1260,30.0,14.78,Cafeteras,ALMCE,,,Storable Product,ALMCE_KFI1260
CAMPANA BEKO - 90CM - CRISTAL ,BHCA94640BH,245.0,163.78,,ALMCE,,,Storable Product,ALMCE_BHCA94640BH
CAMPANA BEKO - 90CM   ,BHCB96641BBHS,329.0,163.78,,ALMCE,,,Storable Product,ALMCE_BHCB96641BBHS
CAMPANA CORBERÓ BLANCO 67W,CCSC60222CVW,59.0,39.78,,ALMCE,,,Storable Product,ALMCE_CCSC60222CVW
CAMPANA CRISTAL BLANCO 60CM,VICTORIA960W,0.0,145.88,,ALMCE,,,Storable Product,ALMCE_VICTORIA960W
CAMPANA CANDY - 60CM - INOX,CMB655XGG,169.0,112.27,,ALMCE,,,Storable Product,ALMCE_CMB655XGG
CAMPANA CANDY - 90CM - BLANCA,CVMA90W,279.0,257.73,,ALMCE,,,Storable Product,ALMCE_CVMA90W
CAMPANA CANDY - 70CM - INOX,CCE1171X,149.0,87.8,,ALMCE,,,Storable Product,ALMCE_CCE1171X
CAMPANA INOX 90CM,CERTOSAIXA90PB,135.0,85.25,,ALMCE,,,Storable Product,ALMCE_CERTOSAIXA90PB
CAMPANA CRISTAL NEGRO 90CM,KITTYBLA90,245.0,151.94,,ALMCE,,,Storable Product,ALMCE_KITTYBLA90
CAMPANA CRISTAL BLANCO 90CM,KITTYWHA90,259.0,160.19,,ALMCE,,,Storable Product,ALMCE_KITTYWHA90
PLANCHA COCINA ORBEGOZO,TB2203,38.0,26.0,,ALMCE,,,Storable Product,ALMCE_TB2203
PLANCHA PELO ROWENTA OPTILIS,SF3210F0,29.0,18.78,,ALMCE,,,Storable Product,ALMCE_SF3210F0
SECADOR BAMBA IONICARE,4210,30.0,20.45,,ALMCE,,,Storable Product,ALMCE_4210
PLANCHA PELO CECOTEC-BAMBA RITUALCARE,4248,35.0,22.5,,ALMCE,,,Storable Product,ALMCE_4248
CEPILLO CECOTEC AIRFLOW,3385,50.0,32.9,,ALMCE,,,Storable Product,ALMCE_3385
SECADOR UFESA 1600W,TRIP&DRY,19.0,12.5,,ALMCE,,,Storable Product,ALMCE_TRIP&DRY
BATIDORA BRAUN MULTI QUICK 3,MQ3000WH,30.0,24.59,Batidoras,ALMCE,,,Storable Product,ALMCE_MQ3000WH
BATIDORA MOULINEX ,DD451110,29.0,25.84,Batidoras,ALMCE,,,Storable Product,ALMCE_DD451110
BATIDORA BOSCH/AMASADORA,MFQ36460,35.0,29.97,Batidoras,ALMCE,,,Storable Product,ALMCE_MFQ36460
BATIDORA MOULINEX CHEF 1000W,DD655D10,45.0,37.23,Batidoras,ALMCE,,,Storable Product,ALMCE_DD655D10
TOSTADOR VINTAGE AMARILLO,3208,45.0,31.38,,ALMCE,,,Storable Product,ALMCE_3208
TOSTADOR UFESA 700W,TT7963ACTIVA,35.0,18.18,,ALMCE,,,Storable Product,ALMCE_TT7963ACTIVA
"FREIDORA ORBEGOZO 1200W 2,5L",FDR27,59.0,41.02,,ALMCE,,,Storable Product,ALMCE_FDR27
"FREIDORA ORBEGOZO 2000W 3,5L",FDR35,59.0,40.78,,ALMCE,,,Storable Product,ALMCE_FDR35
"FREIDORA UFESA AIRE 1200W 3,5L",PANTHER,75.0,49.87,,ALMCE,,,Storable Product,ALMCE_PANTHER
PICADORA MOULINEX,AD560120,55.0,37.62,,ALMCE,,,Storable Product,ALMCE_AD560120
OLLA CLASICA ORBEGOZO INOX,HPL8070,69.0,49.18,,ALMCE,,,Storable Product,ALMCE_HPL8070
CORTAPELOS CECOTEC,4232,16.0,10.88,,ALMCE,,,Storable Product,ALMCE_4232
BÁSCULA BAÑO ORBEGOZO,PB2217,18.0,12.19,,ALMCE,,,Storable Product,ALMCE_PB2217
EXPRIMIDOR JATA,EX296,19.0,12.57,,ALMCE,,,Storable Product,ALMCE_EX296
CORTAPELOS CECOTEC BAMBA 5EN1,4229,29.0,18.46,,ALMCE,,,Storable Product,ALMCE_4229
BÁSCULA BAÑO ROWENTA,BS1503V0,25.0,17.51,,ALMCE,,,Storable Product,ALMCE_BS1503V0
BASCULA BAÑO CECOTEC ECOPOWER,4250,25.0,15.66,,ALMCE,,,Storable Product,ALMCE_4250
CORTAPELOS ROWENTA,TN1410,30.0,21.03,,ALMCE,,,Storable Product,ALMCE_TN1410
AFEITADORA PHILIPS,QP2721,40.0,27.06,,ALMCE,,,Storable Product,ALMCE_QP2721
HORNILLO CORBERÓ  GAS PORTATIL,CHOR200,49.0,27.96,,ALMCE,,,Storable Product,ALMCE_CHOR200
GRIFO CATA CBA/C,2502400,65.0,41.04,,ALMCE,,,Storable Product,ALMCE_2502400
FREGADERO CATA CB 40-40 / D INOX ,2624007,79.0,48.57,,ALMCE,,,Storable Product,ALMCE_2624007
VITRO CORBERÓ 3 FUEGOS,CCVBR6350,175.0,108.48,,ALMCE,,,Storable Product,ALMCE_CCVBR6350
"(BALAY) LAVADORA 9KG, 1200 RPM ""A""",3TS993BP,535.0,324.25,Lavadoras,BSH,,,Storable Product,BSH_3TS993BP
"(BALAY) LAVADORA 9KG, autodosificación 1400 RPM ""A""",3TS395BDS,589.0,495.38,Lavadoras,BSH,,,Storable Product,BSH_3TS395BDS
(SIEMENS) LAVADORA ,WM12N265ES,489.0,401.38,Lavadoras,BSH,,,Storable Product,BSH_WM12N265ES
(SIEMENS) LAVADORA 9KG - 1400RPM ,WG44G2ZAES,569.0,462.48,Lavadoras,BSH,,,Storable Product,BSH_WG44G2ZAES
(BOSCH) LAVADORA ,WUU28T66ES,559.0,425.59,Lavadoras,BSH,,,Storable Product,BSH_WUU28T66ES
(BOSCH) LAVADORA 9KG - 1400 RPM - SERIE 6,WGH244A0ES,549.0,383.19,Lavadoras,BSH,,,Storable Product,BSH_WGH244A0ES
"(BALAY) COMBI 1,86X60CM INOX - N.F",3KFE563MI,699.0,435.0,,BSH,,,Storable Product,BSH_3KFE563MI
"(BOSCH) COMBI BLANCO 1,86X60 - NF - ",KGN36VWEA,679.0,424.0,,BSH,,,Storable Product,BSH_KGN36VWEA
(BALAY) HORNO PIROLITICO,3HB4821X3,650.0,456.34,Hornos,BSH,,,Storable Product,BSH_3HB4821X3
(BOSCH) CAFETERA TASSIMO MULTIBEBIDA - NEGRA,TAS1002NV,39.0,20.63,Cafeteras,BSH,,,Storable Product,BSH_TAS1002NV
(BOSCH) CAFETERA TASSIMO MULTIBEBIDA - ROJA,TAS1103C3B,45.0,23.58,Cafeteras,BSH,,,Storable Product,BSH_TAS1103C3B
(BOSCH) CAFETERA DE GOTEO MYMOMENT - ROJO,TKA2M114,50.0,32.33,Cafeteras,BSH,,,Storable Product,BSH_TKA2M114
(BOSCH) BATIDORA DE VARILLA - MANO - ERGOMIXX,MSM67160,55.0,32.43,Batidoras,BSH,,,Storable Product,BSH_MSM67160
(BOSCH) PICADORA UNIVERSAL - 400W - ROJO,MMR08R2,35.0,20.64,,BSH,,,Storable Product,BSH_MMR08R2
BATIDORA VARILLA CON ACCESORIOS,BHB3525,35.0,22.09,Batidoras,BECKEN,,,Storable Product,BECKEN_BHB3525
BATIDORA VASO - BECKEN - 1000W,BTB5027,35.0,20.91,Batidoras,BECKEN,,,Storable Product,BECKEN_BTB5027
BATIDORA VASO - BECKEN - 500W,KTB5023,20.0,12.35,Batidoras,BECKEN,,,Storable Product,BECKEN_KTB5023
(KUNFT) LAVAVAJILLAS INOX 60CM,KDW5136SL,299.0,190.26,,BECKEN,,,Storable Product,BECKEN_KDW5136SL
FREIDORA AIRE 5L - 1500W - NEGRA,BAF7528,69.0,40.93,,BECKEN,,,Storable Product,BECKEN_BAF7528
(KUNFT) FRIGORÍFICO 1P BAJO ENCIMERA BLANCO,KSD9124 WH,199.0,119.41,Frigoríficos,BECKEN,,,Storable Product,BECKEN_KSD9124 WH
"(BECKEN) COMBI NF BLANCO 1,85M",BC4322WH,429.0,259.86,,BECKEN,,,Storable Product,BECKEN_BC4322WH
"(BECKEN) COMBI NF INOX 1,85M",BC4322IX,449.0,261.84,,BECKEN,,,Storable Product,BECKEN_BC4322IX
"(KUNFT) COMBI 1,80M X 55CM BLANCO - CICLICO",KC9113WH,299.0,167.47,,BECKEN,,,Storable Product,BECKEN_KC9113WH
"(KUNFT) FRIGORÍFICO COMBI  1,43M",KC9134WH,245.0,148.93,Frigoríficos,BECKEN,,,Storable Product,BECKEN_KC9134WH
"(BECKEN) FRIGORÍFICO 1P BLANCO - NF - 1,72",BSD9267WH,435.0,265.0,Frigoríficos,BECKEN,,,Storable Product,BECKEN_BSD9267WH
(BECKEN)ARCON CONGELADOR 418L,BCF8338,455.0,282.11,,BECKEN,,,Storable Product,BECKEN_BCF8338
(KUNFT) CONGELADOR CAJONES VERTICAL 91L,KUF9126WH,199.0,117.25,,BECKEN,,,Storable Product,BECKEN_KUF9126WH
"(KUNFT) CONGELADOR 1P - 1,43M",KUF9261WH,279.0,155.98,,BECKEN,,,Storable Product,BECKEN_KUF9261WH
(BECKEN) CONGELADOR VERTICAL NO FROST,BUF9268WH,459.0,279.99,,BECKEN,,,Storable Product,BECKEN_BUF9268WH
(BECKEM) CAFETERA EXPRESSO,BECM2493,69.0,40.31,Cafeteras,BECKEN,,,Storable Product,BECKEN_BECM2493
(BECKEN) TOSTADOR 2 RANURAS XL BLANCO,BT8759,35.0,22.09,,BECKEN,,,Storable Product,BECKEN_BT8759
(BECKEN) TOSTADOR 2 RANURAS ROJA,BT4606,30.0,15.79,,BECKEN,,,Storable Product,BECKEN_BT4606
(BECKEN) MINI HORNO 30L,BMO4135,95.0,56.23,Hornos,BECKEN,,,Storable Product,BECKEN_BMO4135
(BECKEN) PESO/BALANZA COCINA CON TAZON ,BKS4478,19.0,8.88,,BECKEN,,,Storable Product,BECKEN_BKS4478
VENTILADOR TECHO BLANCO NEVADA,F8585W,99.0,64.0,,BECKEN,,,Storable Product,BECKEN_F8585W
VENTILADOR TECHO SATINADO NIQUEL NEVADA,F8585SN,99.0,64.0,,BECKEN,,,Storable Product,BECKEN_F8585SN
LAVADORA 8KG CON DISPLAY,NVR-WMFL1280INA-BC,309.0,186.97,Lavadoras,NEVIR,,,Storable Product,NEVIR_NVR-WMFL1280INA-BC
LAVADORA 8KG SIN DISPLAY,NVR-WMFL1283INA-SD,299.0,176.55,Lavadoras,NEVIR,,,Storable Product,NEVIR_NVR-WMFL1283INA-SD
"FRIGORÍFICO 2 PUERTAS - 1,43M",NVR-5615DDE,239.0,145.65,Frigoríficos,NEVIR,,,Storable Product,NEVIR_NVR-5615DDE
FRIGORÍFICO COMBI INOX 2M,NVR-5607CTNFIDE,499.0,321.65,Frigoríficos,NEVIR,,,Storable Product,NEVIR_NVR-5607CTNFIDE
HORNO ELECTRICO 56L,NVR-HEM5-56L,199.0,117.95,Hornos,NEVIR,,,Storable Product,NEVIR_NVR-HEM5-56L
Cafetera Power Espresso 20,CEC001,0.0,0.0,Cafeteras,UNKNOWN,,,Storable Product,UNKNOWN_CEC001
Robot aspirador Conga 1090,CEC002,0.0,0.0,Aspiradoras,UNKNOWN,,,Storable Product,UNKNOWN_CEC002
Freidora sin aceite Cecofry Compact,CEC003,0.0,0.0,,UNKNOWN,,,Storable Product,UNKNOWN_CEC003
Batidora de vaso Power Black Titanium 1800,CEC004,0.0,0.0,Batidoras,UNKNOWN,,,Storable Product,UNKNOWN_CEC004
Plancha de pelo Bamba PerfectCare 10000,CEC005,0.0,0.0,,UNKNOWN,,,Storable Product,UNKNOWN_CEC005
Lavadora Bosch Serie 4 WAN28281ES,BSH001,0.0,0.0,Lavadoras,UNKNOWN,,,Storable Product,UNKNOWN_BSH001
Frigorífico Combi Siemens iQ500,BSH002,0.0,0.0,Frigoríficos,UNKNOWN,,,Storable Product,UNKNOWN_BSH002
Lavavajillas Bosch Serie 6 SMS6ZCI42E,BSH003,0.0,0.0,,UNKNOWN,,,Storable Product,UNKNOWN_BSH003
Horno Siemens iQ700 HB578G5S6,BSH004,0.0,0.0,Hornos,UNKNOWN,,,Storable Product,UNKNOWN_BSH004
Placa de inducción Bosch Serie 6 PID651FC1E,BSH005,0.0,0.0,Placas,UNKNOWN,,,Storable Product,UNKNOWN_BSH005
"Televisor Samsung 55"" Crystal UHD 4K",ALM001,0.0,0.0,Televisores,UNKNOWN,,,Storable Product,UNKNOWN_ALM001
Smartphone Xiaomi Redmi Note 12,ALM002,0.0,0.0,,UNKNOWN,,,Storable Product,UNKNOWN_ALM002
Portátil Lenovo IdeaPad 3,ALM003,0.0,0.0,,UNKNOWN,,,Storable Product,UNKNOWN_ALM003
Tablet Samsung Galaxy Tab A8,ALM004,0.0,0.0,,UNKNOWN,,,Storable Product,UNKNOWN_ALM004
Auriculares inalámbricos Sony WH-1000XM4,ALM005,0.0,0.0,,UNKNOWN,,,Storable Product,UNKNOWN_ALM005
ASPIRADOR ESCOBA SIN CABLE 250W,JEAP1629,120.0,76.43,Aspiradoras,JATA,,,Storable Product,JATA_JEAP1629
BATIDORA VARILLA INOX 1000W,BT185,35.0,18.0,Batidoras,JATA,,,Storable Product,JATA_BT185
BATIDORA INOX 700W+ESTUCHE METAL,JEBT1945,35.0,18.4,Batidoras,JATA,,,Storable Product,JATA_JEBT1945
BATIDORA 4 CUCHILLAS - 500W,JEBT1906,18.0,11.0,Batidoras,JATA,,,Storable Product,JATA_JEBT1906
BATIDORA INOX TITANIUM 1000W - 3 ACCESORIOS AZUL,JEBT5026,40.0,22.5,Batidoras,JATA,,,Storable Product,JATA_JEBT5026
BATIDORA VASO INOX NEGRO,JEBT1500,69.0,37.0,Batidoras,JATA,,,Storable Product,JATA_JEBT1500
CAFETERA ITALIANA ODIN 6T,CAX106,15.0,7.2,Cafeteras,JATA,,,Storable Product,JATA_CAX106
CAFETERA ITALIANA ODIN 10T,CAX110,20.0,8.77,Cafeteras,JATA,,,Storable Product,JATA_CAX110
RADIADOR MICATHERMIC 750-1500W BLANCO,JCRM1501,65.0,48.0,,JATA,,,Storable Product,JATA_JCRM1501
RADIADOR MICATHERMIC 2 POTENCIAS 600W,JCRM2206,50.0,35.2,,JATA,,,Storable Product,JATA_JCRM2206
CONVECTOR 2000W,JCCV2314,35.0,22.4,,JATA,,,Storable Product,JATA_JCCV2314
TERMOVENTILADOR HORIZONTAL 1000/2000W,TV63,25.0,13.2,,JATA,,,Storable Product,JATA_TV63
RADIADOR BLANCO MICATHERMIC 5 PLACAS BLANCO,RD227B,99.0,64.0,Placas,JATA,,,Storable Product,JATA_RD227B
RADIADOR BLANCO MICATHERMIC 5 PLACAS NEGRO,RD227N,99.0,64.0,Placas,JATA,,,Storable Product,JATA_RD227N
CORTAPELOS & BARBERO ,JBCP3700,29.0,16.2,,JATA,,,Storable Product,JATA_JBCP3700
"CORTAPELOS, DEPILADORA CORPORAL 9 EN 1",JBCP3305,49.0,25.38,,JATA,,,Storable Product,JATA_JBCP3305
CORTAPELOS RECARGABLE,JBCP4000,45.0,26.6,,JATA,,,Storable Product,JATA_JBCP4000
PERFILADOR,CN15B,15.0,9.26,,JATA,,,Storable Product,JATA_CN15B
"SET 5 CUCHILLOS, CAJA DELUXE",HACC4503,20.0,8.1,,JATA,,,Storable Product,JATA_HACC4503
SET 2 CUCHILLOS COCINA SANTOKU,HACC4501,12.0,5.7,,JATA,,,Storable Product,JATA_HACC4501
SET 2 CUCHILLOS PUNTILLA VERDURA,HACC4507,5.0,2.2,,JATA,,,Storable Product,JATA_HACC4507
EXPRIMIDOR INOX. BRAZO,EX611,39.0,18.9,,JATA,,,Storable Product,JATA_EX611
EXPRIMIDOR MOTOR AC 60W BLANCO,EX549,30.0,13.95,,JATA,,,Storable Product,JATA_EX549
"FREIDORA INOX 1,5L",FR5600,39.0,26.0,,JATA,,,Storable Product,JATA_FR5600
GUANTE DE COCINA DE SILICONA (GRIS),HACC4534,9.0,5.18,,JATA,,,Storable Product,JATA_HACC4534
"HERVIDOR JARRA 1,8L - 1500W - INOX",JEHA1040,25.0,11.0,,JATA,,,Storable Product,JATA_JEHA1040
HORNO SOBREMESA 10L - 800W,JEHN0910,40.0,24.3,Hornos,JATA,,,Storable Product,JATA_JEHN0910
HORNO SOBREMESA 28L,HN928,89.0,50.49,Hornos,JATA,,,Storable Product,JATA_HN928
HORNO SOBREMESA 36L,HN936,120.0,64.26,Hornos,JATA,,,Storable Product,JATA_HN936
HORNO SOBREMESA 45L,HN945,130.0,73.8,Hornos,JATA,,,Storable Product,JATA_HN945
"JARRA DE AGUA JATA 2,5L 6FILTROS",HJAR1001,39.0,19.98,,JATA,,,Storable Product,JATA_HJAR1001
LICUADORA INOX 400W - 450ML,JELI1580,55.0,31.9,,JATA,,,Storable Product,JATA_JELI1580
"PICADORA, BATIDORA MANUAL (MINI EXPOSITOR)",AC57E,10.0,4.86,Batidoras,JATA,,,Storable Product,JATA_AC57E
"PICADORA, 1,5L - 2 VELOCIDADES - 400W",JEPC1250,45.0,24.62,,JATA,,,Storable Product,JATA_JEPC1250
VITROCERAMICA ELECTRICA PORTATIL 2F - AZUL,V142,70.0,44.3,,JATA,,,Storable Product,JATA_V142
COCINA DE GAS 1 QUEMADOR - NEGRO,JECG2721,25.0,10.0,,JATA,,,Storable Product,JATA_JECG2721
COCINA DE GAS 2 QUEMADORES - NEGRO,JECG2702,50.0,24.62,,JATA,,,Storable Product,JATA_JECG2702
GRILL ASAR DOBLE 3 EN 1 PLACAS,GR266,40.0,23.08,Placas,JATA,,,Storable Product,JATA_GR266
GRILL ASAR DOBLE PLACAS LISAS,JEGR1913,60.0,34.2,Placas,JATA,,,Storable Product,JATA_JEGR1913
PLANCHA DE ASAR ELECTRICA,GR195,40.0,21.6,,JATA,,,Storable Product,JATA_GR195
PLANCHA DE ASAR M MAGIC,GR558,69.0,31.5,,JATA,,,Storable Product,JATA_GR558
PLANCHA ASAR 2600W ATONITE 46X28,JEGR2851,69.0,33.2,,JATA,,,Storable Product,JATA_JEGR2851
PLANCHA ASAR 2400W 60X53 NEGRO,JEGR1603,79.0,42.66,,JATA,,,Storable Product,JATA_JEGR1603
PLANCHA DE ASAR MAGIC,GR555A,50.0,27.9,,JATA,,,Storable Product,JATA_GR555A
PLANCHA VAPOR SUELA INOX - 2200W,PL225,29.0,18.52,,JATA,,,Storable Product,JATA_PL225
PLANCHA SUELA CERAMICA ROPA,PL598C,35.0,18.52,,JATA,,,Storable Product,JATA_PL598C
PLANCHA SUELA CERAMICA ROPA,PL622C,35.0,18.0,,JATA,,,Storable Product,JATA_PL622C
"CENTRO PLANCHADO CERAMICO 1,1L - 2250W",JECP8523,90.0,53.73,,JATA,,,Storable Product,JATA_JECP8523
SANDWICHERA DOBLE 750W NEGRO,JESW1231,25.0,12.5,,JATA,,,Storable Product,JATA_JESW1231
"SARTEN MINI ""HUEVO FRITO""",SMH14,9.0,4.32,,JATA,,,Storable Product,JATA_SMH14
SARTEN 18CM FULL INDUCTION,SF918,15.0,7.56,,JATA,,,Storable Product,JATA_SF918
SARTEN 20CM FULL INDUCTION,SF920,17.0,8.91,,JATA,,,Storable Product,JATA_SF920
SARTEN 22CM FULL INDUCTION,SF922,19.0,9.45,,JATA,,,Storable Product,JATA_SF922
SARTEN 24CM FULL INDUCTION,SF924,21.0,10.8,,JATA,,,Storable Product,JATA_SF924
SARTEN 26CM FULL INDUCTION,SF926,23.0,12.15,,JATA,,,Storable Product,JATA_SF926
SARTEN 28CM FULL INDUCTION,SF928,25.0,13.77,,JATA,,,Storable Product,JATA_SF928
SARTEN 30CM FULL INDUCTION,SF930,30.0,15.93,,JATA,,,Storable Product,JATA_SF930
TARTERA 28CM FULL INDUCTION TAAL,TF928,39.0,21.06,,JATA,,,Storable Product,JATA_TF928
SECADOR MOTOR AC  2200W MORADO ,JBSC1065,30.0,16.2,,JATA,,,Storable Product,JATA_JBSC1065
SECADOR MOTOR AC 2600W - 2 ACCESORIOS - NEGRO,JBSC1195,45.0,26.46,,JATA,,,Storable Product,JATA_JBSC1195
SECADOR TOURMALINE,SC56B,25.0,13.1,,JATA,,,Storable Product,JATA_SC56B
SET UTENSILIOS COCINA NYLON 6PIEZAS,HACC4600,20.0,10.8,,JATA,,,Storable Product,JATA_HACC4600
SET UTENSILIOS COCINA 6P SLICONA BOTE,HACC5460,30.0,19.98,,JATA,,,Storable Product,JATA_HACC5460
TAPA PARA MICROONDAS Y SARTEN,T16,12.0,6.15,Microondas,JATA,,,Storable Product,JATA_T16
TAPA VIDRIO PARA MICROONDAS Y SARTEN,T20,15.0,7.18,Microondas,JATA,,,Storable Product,JATA_T20
TAPA VIDRIO PARA MICROONDAS Y SARTEN,T26,18.0,8.2,Microondas,JATA,,,Storable Product,JATA_T26
TENDEDERO ROPA NEGRO 180X55X108,HTEN2370,29.0,15.66,,JATA,,,Storable Product,JATA_HTEN2370
TENDEDERO ROPA INOX 180X55X108,HTEN2375,29.0,15.7,,JATA,,,Storable Product,JATA_HTEN2375
BOTELLA TERMO INOX NEGRO 500ML,HTER1011,12.0,6.0,,JATA,,,Storable Product,JATA_HTER1011
TOSTADOR RANURAS 2,TT579,30.0,17.1,,JATA,,,Storable Product,JATA_TT579
TOSTADOR RANURAS 2 - INOX,TT1043,39.0,22.0,,JATA,,,Storable Product,JATA_TT1043
TOSTADOR HORIZONTAL INOX 600W 3 BARRAS,JETT1588,29.0,18.0,,JATA,,,Storable Product,JATA_JETT1588
OLLA A PRESION ABOMBADA 8L - 22CM,OPC8,69.0,34.2,,JATA,,,Storable Product,JATA_OPC8
OLLA A PRESION ABOMBADA 10L - 24CM,OPC10,79.0,37.35,,JATA,,,Storable Product,JATA_OPC10
BATERIA DE COCINA FULL INDUCTION (3 PIEZAS),BC3,59.0,33.34,,JATA,,,Storable Product,JATA_BC3
BATERIA DE COCINA 5 PIEZAS CON TAPAS,BC10,120.0,66.5,,JATA,,,Storable Product,JATA_BC10
ACEITERA SPRAY 15CL,HACC4539,12.0,6.53,,JATA,,,Storable Product,JATA_HACC4539
ACEITERA SPRAY 15CL,HACC4545,6.0,2.56,,JATA,,,Storable Product,JATA_HACC4545
BOLSA NEVERA TROLLEY PORTA ALIMENTOS 19L,980,20.0,10.32,,JATA,,,Storable Product,JATA_980
QUITAPELUSAS CON PILAS O ADAPTADOR,QP620,20.0,11.88,,JATA,,,Storable Product,JATA_QP620
(BEKO) A/A INVERTER 3000F WIFI,BEHPG120/121,390.0,205.0,Aire Acondicionado,ELECTRODIRECTO,,,Storable Product,ELECTRODIRECTO_BEHPG120/121
(THOMSON) CALEFACTOR CERÁMICO BLANCO,THSC25DB,30.0,16.0,,ELECTRODIRECTO,,,Storable Product,ELECTRODIRECTO_THSC25DB
(THOMSON) CALEFACTOR CERÁMICO NEGRO,THSC25DN,30.0,16.0,,ELECTRODIRECTO,,,Storable Product,ELECTRODIRECTO_THSC25DN
(THOMSON) CALEFACTOR CERÁMICO ROJO,THSC25DR,30.0,16.0,,ELECTRODIRECTO,,,Storable Product,ELECTRODIRECTO_THSC25DR
(KROMS) CAMPANA 70CM CRISTAL NEGRO,KC-LINE700TCBK,299.0,215.0,,ELECTRODIRECTO,,,Storable Product,ELECTRODIRECTO_KC-LINE700TCBK
(VOK) CONGELADOR ARCON 100L,EVF-99CDEW,189.0,109.0,,ELECTRODIRECTO,,,Storable Product,ELECTRODIRECTO_EVF-99CDEW
"(WINIA) FRIGO 2PTA - CICLICO - 1,43X54",WFR-M42ET,259.0,160.0,Frigoríficos,ELECTRODIRECTO,,,Storable Product,ELECTRODIRECTO_WFR-M42ET
"(SVAN) FRIGO COMBI NF BLANCO ""E""",SC185601ENF,375.0,235.0,Frigoríficos,ELECTRODIRECTO,,,Storable Product,ELECTRODIRECTO_SC185601ENF
(BEKO) CONJUNTO HORNO+VITRO ,BBSE12120XD,375.0,240.0,Hornos,ELECTRODIRECTO,,,Storable Product,ELECTRODIRECTO_BBSE12120XD
(CECOTEC) MICROONDAS PROCLEAN 2010 20L BLANCO,1587,59.0,35.5,Microondas,ELECTRODIRECTO,,,Storable Product,ELECTRODIRECTO_1587
(CECOTEC) MICROONDAS PROCLEAN 5120 INOX,1533,75.0,38.5,Microondas,ELECTRODIRECTO,,,Storable Product,ELECTRODIRECTO_1533
"(BEKO) LAVADORA 8KG - ""A"" - BLANCO - ",WRA8615XW,390.0,238.0,Lavadoras,ELECTRODIRECTO,,,Storable Product,ELECTRODIRECTO_WRA8615XW
"(VOK) LAVADORA 6KG - ""A"" - BLANCO - ",EVW-6BAWL21,245.0,155.0,Lavadoras,ELECTRODIRECTO,,,Storable Product,ELECTRODIRECTO_EVW-6BAWL21
(VOK) LAVAVAJILLAS 60CM - 14 CUBIERTOS - BLANCO,EVD-14FCWAD,345.0,209.0,,ELECTRODIRECTO,,,Storable Product,ELECTRODIRECTO_EVD-14FCWAD
(SVAN) SECADORA CONDENSACIÓN 8KG,SSC800BD,349.0,200.0,Secadoras,ELECTRODIRECTO,,,Storable Product,ELECTRODIRECTO_SSC800BD
(ARTICA) SPLIT INTERIOR ESA12IN/EXTERIOR ESA12EX,236724,325.0,202.2,,MIELECTRO,,,Storable Product,MIELECTRO_236724
CONGELADOR HORIZ. TENSAI (SIF240F) 86X83X66 180L,242338,360.0,238.76,,MIELECTRO,,,Storable Product,MIELECTRO_242338
ENVASADORA LAICA PRO (VT3104),234576,35.0,27.46,,MIELECTRO,,,Storable Product,MIELECTRO_234576
BOLSA ENVASADORA LAICA (VT3501),254603,15.0,13.29,,MIELECTRO,,,Storable Product,MIELECTRO_254603
"TV 32"" XIAOMI 2025 - HD GOOGLE TV",6941948700093,165.0,106.8,Televisores,MIELECTRO,,,Storable Product,MIELECTRO_6941948700093
"TV TCL 65"""" UHD GOOGLETV",65P631,699.0,419.4,Televisores,MIELECTRO,,,Storable Product,MIELECTRO_65P631
"TV HISENSE 85"" SMART TV",85A6K,1290.0,826.39,Televisores,MIELECTRO,,,Storable Product,MIELECTRO_85A6K
"TV LG 65""",65UR78006LK,0.0,458.17,Televisores,MIELECTRO,,,Storable Product,MIELECTRO_65UR78006LK
"SOPORTE ONE FOR ALL FIJO 40"""" A 84""""",WM2610/2611,49.0,12.79,,MIELECTRO,,,Storable Product,MIELECTRO_WM2610/2611
FRIGORÍFICO PUERTA FRANCESA BOLERO COOLMARKET FD 436 INOX E,01951,869.0,521.66,Frigoríficos,CECOTEC,,,Storable Product,CECOTEC_01951
AMERICANO BOLERO COOL MARKET SBS 430 BLANCO,02437,589.0,371.5,Frigoríficos,CECOTEC,,,Storable Product,CECOTEC_02437
ASPIRADOR CONGA ROCKSTAR MICRO ESSENTIAL,08380,55.0,41.98,Aspiradoras,CECOTEC,,,Storable Product,CECOTEC_08380
ASPIRADOR LIMPIACRISTALES,08058,35.0,27.63,Aspiradoras,CECOTEC,,,Storable Product,CECOTEC_08058
BASCULA DE COCINA DIGITAL COOK CONTROL,04236,19.0,12.61,,CECOTEC,,,Storable Product,CECOTEC_04236
SURFACE PRECISION 10600 SMART HEALTHY PRO DARK GREY,04265,40.0,33.53,,CECOTEC,,,Storable Product,CECOTEC_04265
BATIDORA MANO POWER retro azul 1200w,03938,30.0,18.26,Batidoras,CECOTEC,,,Storable Product,CECOTEC_03938
BATIDORA MANO POWER retro rojo 1200w,03939,30.0,18.26,Batidoras,CECOTEC,,,Storable Product,CECOTEC_03939
BATIDORA MANO POWER retro verde 1200w,03945,30.0,18.26,Batidoras,CECOTEC,,,Storable Product,CECOTEC_03945
BATIDORA MANO POWER PULSAR 2300W,03909,39.0,24.08,Batidoras,CECOTEC,,,Storable Product,CECOTEC_03909
BATIDORA MANO KATANA 12 JAR G,03965,45.0,25.67,Batidoras,CECOTEC,,,Storable Product,CECOTEC_03965
BATIDORA MANO KATANA 1500W CHOP,03975,55.0,36.49,Batidoras,CECOTEC,,,Storable Product,CECOTEC_03975
BATIDORA VASO POWER BLACK TITANIUM - RETRO AZUL,03883,45.0,24.87,Batidoras,CECOTEC,,,Storable Product,CECOTEC_03883
BATIDORA VASO RETRO ROJO,03935,35.0,18.63,Batidoras,CECOTEC,,,Storable Product,CECOTEC_03935
BATIDORA VASO POWER TITANIUM 500 EASYGO,03987,30.0,18.63,Batidoras,CECOTEC,,,Storable Product,CECOTEC_03987
BATIDORA VASO 2500W - BOTELLA REGALO,04310,79.0,49.79,Batidoras,CECOTEC,,,Storable Product,CECOTEC_04310
CAFETERA ITALIANA INDUCCION 4T,01621,35.0,22.84,Cafeteras,CECOTEC,,,Storable Product,CECOTEC_01621
CAFETERA ITALIANA ALUMINIO 12TAZAS - ,01669,18.0,11.46,Cafeteras,CECOTEC,,,Storable Product,CECOTEC_01669
CAFETERA 66 DROP&THERMO TIME,00274,40.0,27.22,Cafeteras,CECOTEC,,,Storable Product,CECOTEC_00274
CAFETERA EXPRESSO CUMBIA CAPRICCIOSA BLANCA,01595,69.0,52.49,Cafeteras,CECOTEC,,,Storable Product,CECOTEC_01595
CAFETERA POWER EXPRESSO 20 RETRO VERDE,01723,89.0,57.54,Cafeteras,CECOTEC,,,Storable Product,CECOTEC_01723
CAFETERA EXPRESSO VINTAGE BEIGE,01585,99.0,53.86,Cafeteras,CECOTEC,,,Storable Product,CECOTEC_01585
CAFETERA EXPRESSO CAFELIZZIA 790 NEGRO,01651,89.0,57.04,Cafeteras,CECOTEC,,,Storable Product,CECOTEC_01651
CAFETERA VINTAGE ROJO,01727,90.0,62.93,Cafeteras,CECOTEC,,,Storable Product,CECOTEC_01727
CAFETERA VINTAGE AMARILLA,01629,99.0,65.38,Cafeteras,CECOTEC,,,Storable Product,CECOTEC_01629
CAFETERA SEMIAUTOMATICA POWER-INSTANT SERIE BIANCA,01557,129.0,84.43,Cafeteras,CECOTEC,,,Storable Product,CECOTEC_01557
CHIMENEA ELÉCTRICA READYWARM 2000 FLAMES,08268,55.0,40.11,,CECOTEC,,,Storable Product,CECOTEC_08268
DEPILADORA BAMBA SKINCARE DEPIL-ACTION,04334,25.0,13.56,,CECOTEC,,,Storable Product,CECOTEC_04334
AFEITADORA DE CABEZA,04443,29.0,16.63,,CECOTEC,,,Storable Product,CECOTEC_04443
MULTIGROMING 10EN1 - TWISTGROOM CORTAPELOS,04194,45.0,27.93,,CECOTEC,,,Storable Product,CECOTEC_04194
EXPRIMIDOR ZITRA STEEL,03351,19.0,11.05,,CECOTEC,,,Storable Product,CECOTEC_03351
EXPRIMIDOR BRAZO ROJO XQUEEZE RETROJUICE 600,03899,35.0,22.89,,CECOTEC,,,Storable Product,CECOTEC_03899
EXPRIMIDOR ESSENTIAL HYDEN 120,03892,30.0,16.63,,CECOTEC,,,Storable Product,CECOTEC_03892
EXPRIMIDOR TOWERADJUST EASY STEEL,03951,35.0,20.8,,CECOTEC,,,Storable Product,CECOTEC_03951
"150 PIEZAS DE PAPEL FREIDORA AIRE DE 5 A 6,5L",03291,8.0,5.22,,CECOTEC,,,Storable Product,CECOTEC_03291
ACCESORIOS FREIDORA AIRE,03341,8.0,3.82,,CECOTEC,,,Storable Product,CECOTEC_03341
"FREIDORA AIRE - CECOFRY FANTASTIK VENTANA - 5,5L",04965,85.0,51.21,,CECOTEC,,,Storable Product,CECOTEC_04965
FREIDORA AIRE - CECOFRY DUOHEAT 6L,03292,99.0,59.44,,CECOTEC,,,Storable Product,CECOTEC_03292
FRIGORÍFICO BOLERO 1 PUERTA 85CM NEGRO (114L),02157,189.0,110.34,Frigoríficos,CECOTEC,,,Storable Product,CECOTEC_02157
FRIGORÍFICO BOLERO 1 PUERTA 85CM INOX,02674,219.0,126.55,Frigoríficos,CECOTEC,,,Storable Product,CECOTEC_02674
FRIGORÍFICO BOLERO 2P. ORIGEN 86 - GREEN E,01899,229.0,146.27,Frigoríficos,CECOTEC,,,Storable Product,CECOTEC_01899
CREPERA FUN CREPELICIOUS,08022,29.0,16.76,,CECOTEC,,,Storable Product,CECOTEC_08022
FONDUE ELECTRICA CHOCOLATE,08018,40.0,24.87,,CECOTEC,,,Storable Product,CECOTEC_08018
GOFRERA - SANDWICHERA ROCK TOAST FAMILY ,03200,35.0,22.07,,CECOTEC,,,Storable Product,CECOTEC_03200
PALOMITERO FUN&TASTEP´CORN,03261,25.0,14.27,,CECOTEC,,,Storable Product,CECOTEC_03261
PALOMITERO FUN&TASTEP´CORN lotus,04861,35.0,18.91,,CECOTEC,,,Storable Product,CECOTEC_04861
PISTOLA SILICONA,70020,25.0,13.63,,CECOTEC,,,Storable Product,CECOTEC_70020
FRIGORÍFICO BOLERO HABANA NEGRO 4L,02685,45.0,27.28,Frigoríficos,CECOTEC,,,Storable Product,CECOTEC_02685
FRIGORÍFICO BOLERO HABANA NEGRO 4L,02689,45.0,27.28,Frigoríficos,CECOTEC,,,Storable Product,CECOTEC_02689
FRIGORÍFICO BAMBA BLANCO 6L,02695,55.0,38.09,Frigoríficos,CECOTEC,,,Storable Product,CECOTEC_02695
FRIGORÍFICO BAMBA ESPEJO 6L,04441,55.0,34.1,Frigoríficos,CECOTEC,,,Storable Product,CECOTEC_04441
"LAVAVAJILLAS BOLERO AGUAZERO 6200 NEGRO ""D"" ",02774,339.0,198.31,,CECOTEC,,,Storable Product,CECOTEC_02774
"MICROONDAS 20L 3010 PROCLEAN, RETRO CREMA",01704,65.0,40.0,Microondas,CECOTEC,,,Storable Product,CECOTEC_01704
"MICROONDAS 20L GRILL, 3110, RETRO AZUL",01706,65.0,43.34,Microondas,CECOTEC,,,Storable Product,CECOTEC_01706
"MICROONDAS 20L GRILL, 5110, digital RETRO AZUL ",01711,75.0,43.34,Microondas,CECOTEC,,,Storable Product,CECOTEC_01711
"MICROONDAS 20L GRILL, PROCLEAN, RETRO AMARILLO",01713,75.0,44.0,Microondas,CECOTEC,,,Storable Product,CECOTEC_01713
MICROONDAS 20L PROCLEAN 3120 - INOX ESPEJO SIN PLATO,A01_EU01_100518,85.0,53.36,Microondas,CECOTEC,,,Storable Product,CECOTEC_A01_EU01_100518
MICROONDAS SIN PLATO GRANDHEAT 2010 FLATBED STEEL,01399,89.0,60.04,Microondas,CECOTEC,,,Storable Product,CECOTEC_01399
MICROONDAS 25L SIN PLATO GRANDHEAT 2500-NEGRO,01405,119.0,74.17,Microondas,CECOTEC,,,Storable Product,CECOTEC_01405
MICROONDAS 23L SIN PLATO GRANDHEAT 2300 - BLANCO,01359,109.0,67.43,Microondas,CECOTEC,,,Storable Product,CECOTEC_01359
Microondas digital de 23 litros - PROCLEAN 6110,01537,109.0,56.7,Microondas,CECOTEC,,,Storable Product,CECOTEC_01537
MICROONDAS 20L PROCLEAN 3030 - NEGRO SIN PLATO,A01_EU01_100513,79.0,49.35,Microondas,CECOTEC,,,Storable Product,CECOTEC_A01_EU01_100513
MICROONDAS 20L PROCLEAN 3120 - BLANCO SIN PLATO,A01_EU01_100516,79.0,50.02,Microondas,CECOTEC,,,Storable Product,CECOTEC_A01_EU01_100516
MICROONDAS 20L CON GRILL - 700W - AZUL,A01_EU01_101130,110.0,70.06,Microondas,CECOTEC,,,Storable Product,CECOTEC_A01_EU01_101130
MICROONDAS 20L CON GRILL - 700W - VERDE,A01_EU01_101132,110.0,70.06,Microondas,CECOTEC,,,Storable Product,CECOTEC_A01_EU01_101132
HORNO SOBREMESA 10L BLANCO,03811,39.0,21.3,Hornos,CECOTEC,,,Storable Product,CECOTEC_03811
HORNO SOBREMESA 23L BLANCO BAKE&TOAST,03812,65.0,38.34,Hornos,CECOTEC,,,Storable Product,CECOTEC_03812
HORNO SOBREMESA 26L BLANCO (4PIZZA),03813,79.0,50.0,Hornos,CECOTEC,,,Storable Product,CECOTEC_03813
HORNO SOBREMESA 30L BLANCO,03814,89.0,52.02,Hornos,CECOTEC,,,Storable Product,CECOTEC_03814
PLACA DE INDUCCIÓN PORTATIL FULL RYSTAL ONYX,03069,49.0,27.42,Placas,CECOTEC,,,Storable Product,CECOTEC_03069
PLANCHA DE ASAR TASTY&GRILL 3000,03088,45.0,28.1,,CECOTEC,,,Storable Product,CECOTEC_03088
PLANCHA VERTICAL (FAST&FURIOUS) 4010 VITAL,05543,29.0,19.69,,CECOTEC,,,Storable Product,CECOTEC_05543
CENTRO PLANCHADO VERTICAL,01866,65.0,49.73,,CECOTEC,,,Storable Product,CECOTEC_01866
PLANCHA ROPA IRONHERO3200 FORCE,01872,35.0,18.8,,CECOTEC,,,Storable Product,CECOTEC_01872
CENTRO PLANCHADO-Fast&Furious 8040 Absolute ,05535,99.0,66.12,,CECOTEC,,,Storable Product,CECOTEC_05535
SET SARTENES POLKA 18-22-26 (ROSA),03130,39.0,24.26,,CECOTEC,,,Storable Product,CECOTEC_03130
1 SARTEN POLKA 18 (NEGRO MANGO TURQUESA),03167,15.0,8.45,,CECOTEC,,,Storable Product,CECOTEC_03167
PLANCHA PELO RITUAL CARE TWERK,00664,45.0,30.85,,CECOTEC,,,Storable Product,CECOTEC_00664
HERVIDOR DE AGUA ELECTRICO WOODY 200 RETRO NEGRO,00267,45.0,27.52,,CECOTEC,,,Storable Product,CECOTEC_00267
HERVIDOR THERMOSENSE VINTAGE - BEIGE,01485,45.0,28.89,,CECOTEC,,,Storable Product,CECOTEC_01485
HERVIDOR THERMOSENSE VINTAGE - VERDE,01483,45.0,28.89,,CECOTEC,,,Storable Product,CECOTEC_01483
TOSTADOR 9000 DOBLE NEGRO,03179,29.0,16.27,,CECOTEC,,,Storable Product,CECOTEC_03179
TOSTADOR 8000 DOBLE RETRO BLUE,03105,40.0,23.98,,CECOTEC,,,Storable Product,CECOTEC_03105
VENTILADOR ROSA RETRO DESK 400,08210,30.0,17.55,,CECOTEC,,,Storable Product,CECOTEC_08210
VENTILADOR BEIGE RETRO - 800,08208,39.0,22.83,,CECOTEC,,,Storable Product,CECOTEC_08208
PLACA INDUCCIÓN BOLERO SQUAD - 2 FUEGOS,02450,119.0,67.73,Placas,CECOTEC,,,Storable Product,CECOTEC_02450
PLACA GAS 43 FUEGOS INOX - 60CM,A01_EU01_100188,139.0,91.9,Placas,CECOTEC,,,Storable Product,CECOTEC_A01_EU01_100188
JARRA PURIFICADORA AGUA H2ONATURE 2400,04181,25.0,15.15,,CECOTEC,,,Storable Product,CECOTEC_04181
SACACORCHOS ELÉCTRICO INSTANTCORK 1000,02310,29.0,16.27,,CECOTEC,,,Storable Product,CECOTEC_02310
HERVIDOR VAPOVITA 3000 INOX - VAPORERA,04109,35.0,19.29,,CECOTEC,,,Storable Product,CECOTEC_04109
CORTAFIAMBRES ROCK´CUT TWIN,02307,85.0,51.55,,CECOTEC,,,Storable Product,CECOTEC_02307
ACEITERA SPRAY POLKA ,03260,8.0,3.82,,CECOTEC,,,Storable Product,CECOTEC_03260
PANIFICADORA,02229,89.0,55.12,,CECOTEC,,,Storable Product,CECOTEC_02229
UTENSILIOS COCINA AMARILLO,01180,25.0,16.67,,CECOTEC,,,Storable Product,CECOTEC_01180
UTENSILIOS COCINA ROSA,01181,25.0,16.21,,CECOTEC,,,Storable Product,CECOTEC_01181
SET CUCHILLOS 6 SWISS NEGRO,01024,20.0,9.98,,CECOTEC,,,Storable Product,CECOTEC_01024
SET CUCHILLOS 7 TITANIUM,01012,15.0,9.98,,CECOTEC,,,Storable Product,CECOTEC_01012
VAPORETA MANUAL VENTANAS,00644,55.0,34.97,,CECOTEC,,,Storable Product,CECOTEC_00644
BATIDORA DE VASO  (LIQUIFICADORA) 1500W,WHITE GOLD,55.0,45.45,Batidoras,UFESA,,,Storable Product,UFESA_WHITE GOLD
BATIDORA DE VARILLA (DE MANO),ECLIPSE,39.0,25.47,Batidoras,UFESA,,,Storable Product,UFESA_ECLIPSE
GRILL - PLANCHA,PR2000,69.0,53.71,,UFESA,,,Storable Product,UFESA_PR2000
PLANCHA VAPOR UFESA,COBALT2200,25.0,20.65,,UFESA,,,Storable Product,UFESA_COBALT2200
PLANCHA VAPOR 2800W,BBSE12120XD,39.0,33.05,,UFESA,,,Storable Product,UFESA_BBSE12120XD
CENTRO PLANCHADO ,LUXE STEAM GLIDE,89.0,74.37,,UFESA,,,Storable Product,UFESA_LUXE STEAM GLIDE
PLANCHA VERTICAL UFESA 1470W,POCKET MIST,39.0,33.05,,UFESA,,,Storable Product,UFESA_POCKET MIST
SECADOR PELO UFESA 2400W,SC8350,29.0,22.31,,UFESA,,,Storable Product,UFESA_SC8350
SECADOR PELO UFESA 2400W,SC8460,39.0,33.05,,UFESA,,,Storable Product,UFESA_SC8460
VENTILADOR SOBREMESA PIZARRO MINI NEGRO 2V - 20W,238071009,15.0,7.96,,ABRILA,,,Storable Product,ABRILA_238071009
MINIVENTILADOR SOBREMESA - INALAMBRICO 5W ,240071001,18.0,8.95,,ABRILA,,,Storable Product,ABRILA_240071001
VENTILADOR SOBREMESA PIZARRO PEQUEÑO NEGRO 2V - 25W,238071109,23.0,11.98,,ABRILA,,,Storable Product,ABRILA_238071109
VENTILADOR SOBREMESA PIZARRO MEDIANO NEGRO 35W,238071209,25.0,12.97,,ABRILA,,,Storable Product,ABRILA_238071209
VENTILADOR SOBREMESA INALAMBRICO AGUILA BLANCO,241871001,25.0,12.89,,ABRILA,,,Storable Product,ABRILA_241871001
VENTILADOR SOBREMESA CAPE BLANCO - 2V - 25W,184171201,25.0,12.89,,ABRILA,,,Storable Product,ABRILA_184171201
VENTILADOR SOBREMESA CAPE BLANCO - 3V - 35W,184171101,28.0,13.92,,ABRILA,,,Storable Product,ABRILA_184171101
VENTILADOR SOBREMESA INALAMBRICO PACHECO BLANCO,242071015,30.0,14.97,,ABRILA,,,Storable Product,ABRILA_242071015
VENTILADOR DE PIE ETESIO BLANCO - 3V 40W - OSCILANTE,183941001,30.0,14.98,,ABRILA,,,Storable Product,ABRILA_183941001
VENTILADOR DE PIE NEGRO - 3V - 40W- OSCILANTE,183941009,30.0,14.98,,ABRILA,,,Storable Product,ABRILA_183941009
VENTILADOR DE PIE BISE BLANCO 3V 45W - OSCILANTE,184041001,40.0,20.97,,ABRILA,,,Storable Product,ABRILA_184041001
VENTILADOR TORRE CUCO NEGRO 3VEL. 50W,238371009,40.0,19.9,,ABRILA,,,Storable Product,ABRILA_238371009
VENTILADOR INALAMBRICO PC PORTATIL JERICO BLANCO,242171028,19.0,9.89,,ABRILA,,,Storable Product,ABRILA_242171028
VENTILADOR BAYOMO - NIQUEL - 4 ASPAS - 59W,142591403,80.0,40.09,,ABRILA,,,Storable Product,ABRILA_142591403
VENTILADOR BAYOMO - BLANCO - 4 ASPAS - 59W,142591401,80.0,40.09,,ABRILA,,,Storable Product,ABRILA_142591401
VENTILADOR PC DANI - BLANCO - 6VEL. ,165391401,80.0,40.1,,ABRILA,,,Storable Product,ABRILA_165391401
VENTILADOR DC MATANUSKA 72W BLANCO - BLUETHOOT,142791401,139.0,70.09,,ABRILA,,,Storable Product,ABRILA_142791401
VENTILADOR DC MATANUSKA 72W NIQUEL - BLUETHOOT,142791403,139.0,70.09,,ABRILA,,,Storable Product,ABRILA_142791403
PLANCHA GAS PARA ASAR - 2 FUEGOS - NEGRO,3IP-PG230NB,169.0,97.0,,VITROKITCHEN,,,Storable Product,VITROKITCHEN_3IP-PG230NB
ENCIMERA INOX-60CM - HIERRO COLADO,3HM-EN630LIB-VS,145.0,90.0,,VITROKITCHEN,,,Storable Product,VITROKITCHEN_3HM-EN630LIB-VS
ENCIMERA INOX-60CM - HIERRO FUNDIDO,3HM-EN636LIB-VS,169.0,103.0,,VITROKITCHEN,,,Storable Product,VITROKITCHEN_3HM-EN636LIB-VS
PLANCHA GAS PARA ASAR - 3 FUEGOS - NEGRO,3IP-PG330NB,199.0,124.0,,VITROKITCHEN,,,Storable Product,VITROKITCHEN_3IP-PG330NB
(JOHNSON) COCINA 90CM HORNO/PORTABOM INOX,CONA90PBX,559.0,353.12,Hornos,EAS,,,Storable Product,EAS_CONA90PBX
(JOHNSON) COMBI NF 186X59X60 CLASE E INOX ,JRC1852EMX,479.0,290.7,,EAS,,,Storable Product,EAS_JRC1852EMX
"(EAS) NF 201X59,5X63 CLASE E BLANCO",EMC2010SW1,459.0,355.98,,EAS,,,Storable Product,EAS_EMC2010SW1
"(EAS) NF 201X59,5X63 CLASE E INOX",EMC2010SX1,469.0,376.38,,EAS,,,Storable Product,EAS_EMC2010SX1
"(JOHNSON) NF 201X59,5X70 CLASE A INOX",JRC200AN2X,999.0,661.98,,EAS,,,Storable Product,EAS_JRC200AN2X
"(JOHNSON) CONGELADOR VERTICAL 1P 1,85M INOX",JRZ185ENX,699.0,451.01,,EAS,,,Storable Product,EAS_JRZ185ENX
"(JOHNSON) FRIGORÍFICO 2P - 1,76M",JRD176E,369.0,225.88,Frigoríficos,EAS,,,Storable Product,EAS_JRD176E
(JOHNSON) LAVADORA CF 9KG 1400RPM A BLANCA,DUERO90,389.0,253.98,Lavadoras,EAS,,,Storable Product,EAS_DUERO90
(JOHNSON) LAVADORA CS 8KG - 13000RPM NERVION ,MUNDO80,459.0,287.47,Lavadoras,EAS,,,Storable Product,EAS_MUNDO80
(JOHNSON) LAVADORA CF 8KG - 1400RPM - INOX,DUERO80XA,379.0,243.78,Lavadoras,EAS,,,Storable Product,EAS_DUERO80XA
(JOHNSON) LAVADORA CF 12KG - 1400RPM - BLANCA,EBRO120,499.0,304.0,Lavadoras,EAS,,,Storable Product,EAS_EBRO120
(EAS) CONVECTOR CRISTAL NEGRO 1500W (3VEL.) ,EHH210,70.0,59.0,,EAS,,,Storable Product,EAS_EHH210
(EAS) RADIADOR ACEITE 2500W ECO+27%,EHR2500,89.0,75.0,,EAS,,,Storable Product,EAS_EHR2500
(EAS) ESTUFA DE GAS 4200W (TRIPLE SEGURIDAD),EPLEX42,70.0,59.0,,EAS,,,Storable Product,EAS_EPLEX42
(EAS) CALEFACTOR CERÁMICO 2000W/OSCILACIÓN,EHF205RC,40.0,37.0,,EAS,,,Storable Product,EAS_EHF205RC
(JOHNSON) PLACA VITRO 3 ZONAS CONTROL DESL,JVICA330,199.0,111.18,Placas,EAS,,,Storable Product,EAS_JVICA330
(EAS) ENCIMERA GAS 4 FUEGOS 60CM INOX,EMH461GBNX,99.0,75.14,,EAS,,,Storable Product,EAS_EMH461GBNX
(EAS) HORNO SOBREMESA 28L,ENV28,89.0,54.64,Hornos,EAS,,,Storable Product,EAS_ENV28
(EAS) HORNO SOBREMESA 38L,ENV38,99.0,65.81,Hornos,EAS,,,Storable Product,EAS_ENV38
(JOHNSON) HORNO BLANCO 70L - 8 FUNCIONES,JOR70B,325.0,198.9,Hornos,EAS,,,Storable Product,EAS_JOR70B
